{
	"Version": 3,
	"Parameters": [
		{
			"Id": "ParamAngleX",
			"GroupId": "ParamGroupFace",
			"Name": "각도 X"
		},
		{
			"Id": "ParamAngleY",
			"GroupId": "ParamGroupFace",
			"Name": "각도 Y"
		},
		{
			"Id": "ParamAngleZ",
			"GroupId": "ParamGroupFace",
			"Name": "각도 Z"
		},
		{
			"Id": "ParamCheek",
			"GroupId": "ParamGroupFace",
			"Name": "볼터치"
		},
		{
			"Id": "ParamEyeLOpen",
			"GroupId": "ParamGroupEyes",
			"Name": "왼쪽 눈 뜨기"
		},
		{
			"Id": "ParamEyeLSmile",
			"GroupId": "ParamGroupEyes",
			"Name": "왼쪽 눈 웃는 얼굴"
		},
		{
			"Id": "ParamEyeROpen",
			"GroupId": "ParamGroupEyes",
			"Name": "오른쪽 눈 뜨기"
		},
		{
			"Id": "ParamEyeRSmile",
			"GroupId": "ParamGroupEyes",
			"Name": "오른쪽 눈 웃는 얼굴"
		},
		{
			"Id": "ParamEyeBallX",
			"GroupId": "ParamGroupEyeballs",
			"Name": "눈알 X"
		},
		{
			"Id": "ParamEyeBallY",
			"GroupId": "ParamGroupEyeballs",
			"Name": "눈알 Y"
		},
		{
			"Id": "ParamBrowLY",
			"GroupId": "ParamGroupBrows",
			"Name": "왼쪽 눈썹 위아래"
		},
		{
			"Id": "ParamBrowRY",
			"GroupId": "ParamGroupBrows",
			"Name": "오른쪽 눈썹 위아래"
		},
		{
			"Id": "ParamBrowLX",
			"GroupId": "ParamGroupBrows",
			"Name": "왼쪽 눈썹 좌우"
		},
		{
			"Id": "ParamBrowRX",
			"GroupId": "ParamGroupBrows",
			"Name": "오른쪽 눈썹 좌우"
		},
		{
			"Id": "ParamBrowLAngle",
			"GroupId": "ParamGroupBrows",
			"Name": "왼쪽 눈썹 각도"
		},
		{
			"Id": "ParamBrowRAngle",
			"GroupId": "ParamGroupBrows",
			"Name": "오른쪽 눈썹 각도"
		},
		{
			"Id": "ParamBrowLForm",
			"GroupId": "ParamGroupBrows",
			"Name": "왼쪽 눈썹 변형"
		},
		{
			"Id": "ParamBrowRForm",
			"GroupId": "ParamGroupBrows",
			"Name": "오른쪽 눈썹 변형"
		},
		{
			"Id": "ParamMouthForm",
			"GroupId": "ParamGroupMouth",
			"Name": "입 변형"
		},
		{
			"Id": "ParamMouthOpenY",
			"GroupId": "ParamGroupMouth",
			"Name": "입 여닫기"
		},
		{
			"Id": "ParamBodyAngleX",
			"GroupId": "ParamGroupBody",
			"Name": "몸의 회전 X"
		},
		{
			"Id": "ParamBodyAngleY",
			"GroupId": "ParamGroupBody",
			"Name": "몸의 회전 Y"
		},
		{
			"Id": "ParamBodyAngleZ",
			"GroupId": "ParamGroupBody",
			"Name": "몸의 회전 Z"
		},
		{
			"Id": "ParamBreath",
			"GroupId": "ParamGroupBody",
			"Name": "호흡"
		},
		{
			"Id": "ParamShoulder",
			"GroupId": "ParamGroupBody",
			"Name": "어깨 움츠림"
		},
		{
			"Id": "ParamLeg",
			"GroupId": "ParamGroupBody",
			"Name": "다리"
		},
		{
			"Id": "ParamArmLA",
			"GroupId": "ParamGroupArms",
			"Name": "왼팔 A"
		},
		{
			"Id": "ParamArmRA",
			"GroupId": "ParamGroupArms",
			"Name": "오른팔 A"
		},
		{
			"Id": "ParamArmLB",
			"GroupId": "ParamGroupArms",
			"Name": "왼팔 B"
		},
		{
			"Id": "ParamArmRB",
			"GroupId": "ParamGroupArms",
			"Name": "오른팔 B"
		},
		{
			"Id": "ParamHandLB",
			"GroupId": "ParamGroupArms",
			"Name": "왼손B 회전"
		},
		{
			"Id": "ParamHandRB",
			"GroupId": "ParamGroupArms",
			"Name": "오른손 B회전"
		},
		{
			"Id": "ParamHandL",
			"GroupId": "ParamGroupArms",
			"Name": "왼손"
		},
		{
			"Id": "ParamHandR",
			"GroupId": "ParamGroupArms",
			"Name": "오른손"
		},
		{
			"Id": "ParamBustY",
			"GroupId": "ParamGroupSway",
			"Name": "가슴 흔들림"
		},
		{
			"Id": "ParamHairAhoge",
			"GroupId": "ParamGroupSway",
			"Name": "머리 흔들림 잔머리"
		},
		{
			"Id": "ParamHairFront",
			"GroupId": "ParamGroupSway",
			"Name": "머리 흔들림 앞"
		},
		{
			"Id": "ParamHairBack",
			"GroupId": "ParamGroupSway",
			"Name": "머리 흔들림 후"
		},
		{
			"Id": "ParamSideupRibbon",
			"GroupId": "ParamGroupSway",
			"Name": "머리장식의 흔들림"
		},
		{
			"Id": "ParamRibbon",
			"GroupId": "ParamGroupSway",
			"Name": "가슴 리본의 흔들림"
		},
		{
			"Id": "ParamSkirt",
			"GroupId": "ParamGroupSway",
			"Name": "스커트의 흔들림"
		},
		{
			"Id": "ParamSkirt2",
			"GroupId": "ParamGroupSway",
			"Name": "스커트가 젖혀짐"
		},
		{
			"Id": "Param_Angle_Rotation_1_ArtMesh62",
			"GroupId": "ParamGroup2",
			"Name": "[0] 사이드 업 왼쪽"
		},
		{
			"Id": "Param_Angle_Rotation_2_ArtMesh62",
			"GroupId": "ParamGroup2",
			"Name": "[1] 사이드 업 왼쪽"
		},
		{
			"Id": "Param_Angle_Rotation_3_ArtMesh62",
			"GroupId": "ParamGroup2",
			"Name": "[2] 사이드 업 왼쪽"
		},
		{
			"Id": "Param_Angle_Rotation_4_ArtMesh62",
			"GroupId": "ParamGroup2",
			"Name": "[3] 사이드 업 왼쪽"
		},
		{
			"Id": "Param_Angle_Rotation_5_ArtMesh62",
			"GroupId": "ParamGroup2",
			"Name": "[4] 사이드 업 왼쪽"
		},
		{
			"Id": "Param_Angle_Rotation_6_ArtMesh62",
			"GroupId": "ParamGroup2",
			"Name": "[5] 사이드업 왼쪽"
		},
		{
			"Id": "Param_Angle_Rotation_7_ArtMesh62",
			"GroupId": "ParamGroup2",
			"Name": "[6] 사이드 업 왼쪽"
		},
		{
			"Id": "Param_Angle_Rotation_1_ArtMesh61",
			"GroupId": "ParamGroup",
			"Name": "[0] 사이드 업 오른쪽"
		},
		{
			"Id": "Param_Angle_Rotation_2_ArtMesh61",
			"GroupId": "ParamGroup",
			"Name": "[1] 사이드 업 오른쪽"
		},
		{
			"Id": "Param_Angle_Rotation_3_ArtMesh61",
			"GroupId": "ParamGroup",
			"Name": "[2] 사이드 업 오른쪽"
		},
		{
			"Id": "Param_Angle_Rotation_4_ArtMesh61",
			"GroupId": "ParamGroup",
			"Name": "[3] 사이드 업 오른쪽"
		},
		{
			"Id": "Param_Angle_Rotation_5_ArtMesh61",
			"GroupId": "ParamGroup",
			"Name": "[4] 사이드 업 오른쪽"
		},
		{
			"Id": "Param_Angle_Rotation_6_ArtMesh61",
			"GroupId": "ParamGroup",
			"Name": "[5] 사이드 업 오른쪽"
		},
		{
			"Id": "Param_Angle_Rotation_7_ArtMesh61",
			"GroupId": "ParamGroup",
			"Name": "[6] 사이드 업 오른쪽"
		},
		{
			"Id": "Param_Angle_Rotation_1_ArtMesh55",
			"GroupId": "ParamGroup4",
			"Name": "[0] 앞머리 왼쪽"
		},
		{
			"Id": "Param_Angle_Rotation_2_ArtMesh55",
			"GroupId": "ParamGroup4",
			"Name": "[1] 앞머리 왼쪽"
		},
		{
			"Id": "Param_Angle_Rotation_3_ArtMesh55",
			"GroupId": "ParamGroup4",
			"Name": "[2] 앞머리 왼쪽"
		},
		{
			"Id": "Param_Angle_Rotation_4_ArtMesh55",
			"GroupId": "ParamGroup4",
			"Name": "[3] 앞머리 왼쪽"
		},
		{
			"Id": "Param_Angle_Rotation_5_ArtMesh55",
			"GroupId": "ParamGroup4",
			"Name": "[4] 앞머리 왼쪽"
		},
		{
			"Id": "Param_Angle_Rotation_6_ArtMesh55",
			"GroupId": "ParamGroup4",
			"Name": "[5] 앞머리 왼쪽"
		},
		{
			"Id": "Param_Angle_Rotation_7_ArtMesh55",
			"GroupId": "ParamGroup4",
			"Name": "[6] 앞머리 왼쪽"
		},
		{
			"Id": "Param_Angle_Rotation_1_ArtMesh54",
			"GroupId": "ParamGroup3",
			"Name": "[0] 앞머리 오른쪽"
		},
		{
			"Id": "Param_Angle_Rotation_2_ArtMesh54",
			"GroupId": "ParamGroup3",
			"Name": "[1] 앞머리 오른쪽"
		},
		{
			"Id": "Param_Angle_Rotation_3_ArtMesh54",
			"GroupId": "ParamGroup3",
			"Name": "[2] 앞머리 오른쪽"
		},
		{
			"Id": "Param_Angle_Rotation_4_ArtMesh54",
			"GroupId": "ParamGroup3",
			"Name": "[3] 앞머리 오른쪽"
		},
		{
			"Id": "Param_Angle_Rotation_5_ArtMesh54",
			"GroupId": "ParamGroup3",
			"Name": "[4] 앞머리 오른쪽"
		},
		{
			"Id": "Param_Angle_Rotation_6_ArtMesh54",
			"GroupId": "ParamGroup3",
			"Name": "[5] 앞머리 오른쪽"
		},
		{
			"Id": "Param_Angle_Rotation_7_ArtMesh54",
			"GroupId": "ParamGroup3",
			"Name": "[6] 앞머리 오른쪽"
		}
	],
	"ParameterGroups": [
		{
			"Id": "ParamGroupFace",
			"GroupId": "",
			"Name": "얼굴"
		},
		{
			"Id": "ParamGroupEyes",
			"GroupId": "",
			"Name": "눈"
		},
		{
			"Id": "ParamGroupEyeballs",
			"GroupId": "",
			"Name": "눈알"
		},
		{
			"Id": "ParamGroupBrows",
			"GroupId": "",
			"Name": "눈썹"
		},
		{
			"Id": "ParamGroupMouth",
			"GroupId": "",
			"Name": "입"
		},
		{
			"Id": "ParamGroupBody",
			"GroupId": "",
			"Name": "몸"
		},
		{
			"Id": "ParamGroupArms",
			"GroupId": "",
			"Name": "팔"
		},
		{
			"Id": "ParamGroupSway",
			"GroupId": "",
			"Name": "움직임"
		},
		{
			"Id": "ParamGroup2",
			"GroupId": "",
			"Name": "흔들림 사이드업 왼쪽"
		},
		{
			"Id": "ParamGroup",
			"GroupId": "",
			"Name": "흔들림 사이드업 오른쪽"
		},
		{
			"Id": "ParamGroup4",
			"GroupId": "",
			"Name": "흔들림 앞머리 왼쪽"
		},
		{
			"Id": "ParamGroup3",
			"GroupId": "",
			"Name": "흔들림 앞머리 오른쪽"
		}
	],
	"Parts": [
		{
			"Id": "PartCore",
			"Name": "코어"
		},
		{
			"Id": "PartCheek",
			"Name": "뺨"
		},
		{
			"Id": "PartBrow",
			"Name": "눈썹"
		},
		{
			"Id": "PartEye",
			"Name": "눈"
		},
		{
			"Id": "PartNose",
			"Name": "코"
		},
		{
			"Id": "PartMouth",
			"Name": "입"
		},
		{
			"Id": "PartFace",
			"Name": "얼굴"
		},
		{
			"Id": "PartEar",
			"Name": "귀"
		},
		{
			"Id": "PartHairSide",
			"Name": "옆머리"
		},
		{
			"Id": "PartHairFront",
			"Name": "앞머리"
		},
		{
			"Id": "PartHairBack",
			"Name": "뒷머리"
		},
		{
			"Id": "PartNeck",
			"Name": "목"
		},
		{
			"Id": "PartArmA",
			"Name": "팔A"
		},
		{
			"Id": "PartArmB",
			"Name": "팔 B"
		},
		{
			"Id": "PartBody",
			"Name": "몸"
		},
		{
			"Id": "PartBackground",
			"Name": "배경"
		},
		{
			"Id": "PartSketch",
			"Name": "[밑그림]"
		},
		{
			"Id": "PartEyeBall",
			"Name": "안구"
		},
		{
			"Id": "ArtMesh55_Skinning",
			"Name": "왼쪽 앞머리(스키닝)"
		},
		{
			"Id": "Part4",
			"Name": "앞머리 왼쪽(회전)"
		},
		{
			"Id": "ArtMesh54_Skinning",
			"Name": "앞머리 오른쪽(스키닝)"
		},
		{
			"Id": "Part3",
			"Name": "앞머리 오른쪽(회전)"
		},
		{
			"Id": "ArtMesh61_Skinning",
			"Name": "사이드업 오른쪽(스키닝)"
		},
		{
			"Id": "Part",
			"Name": "사이드업 오른쪽 (회전)"
		},
		{
			"Id": "ArtMesh62_Skinning",
			"Name": "사이드 업 왼쪽(스키닝)"
		},
		{
			"Id": "Part2",
			"Name": "사이드 업 왼쪽(회전)"
		}
	],
	"CombinedParameters": [
		[
			"ParamAngleX",
			"ParamAngleY"
		],
		[
			"ParamMouthForm",
			"ParamMouthOpenY"
		]
	]
}